{"cameraMode":{"drawMode":0,"name":"Shaded","section":"Shading Mode"},"sceneLighting":true,"audioPlay":false,"sceneViewState":{"m_AlwaysRefresh":false,"showFog":true,"showSkybox":true,"showFlares":true,"showImageEffects":true,"showParticleSystems":true,"showVisualEffectGraphs":true,"m_FxEnabled":true},"in2DMode":false,"pivot":{"x":2.8947224617004396,"y":11.155523300170899,"z":-15.433830261230469},"rotation":{"x":-0.030297093093395234,"y":0.023084616288542749,"z":-0.0007013723952695727,"w":-0.999280571937561},"size":21.57086181640625,"orthographic":false}